rank_input,label,htf_bias,require_chart_trend,require_pattern,require_retest,require_ghost_sl_entry,session,trades,win_rate,return_pct,max_dd_pct,profit_factor,final_equity
1,bias=off|trend0|pat0|ret0|ghost0|sess=asia,off,False,False,False,False,asia,545,0.231193,-0.001173,0.002717,0.858584,9988.27
2,bias=off|trend0|pat0|ret0|ghost0|sess=london,off,False,False,False,False,london,557,0.228007,-0.001171,0.001524,0.863481,9988.29
3,bias=off|trend0|pat0|ret0|ghost0|sess=newyork,off,False,False,False,False,newyork,550,0.296364,0.0015,0.00137,1.194092,10015.0
4,bias=off|trend0|pat0|ret0|ghost0|sess=overlap,off,False,False,False,False,overlap,392,0.270408,0.000498,0.001467,1.087312,10004.98
5,bias=off|trend0|pat0|ret0|ghost0|sess=all,off,False,False,False,False,all,629,0.26868,0.000551,0.000914,1.060318,10005.51
6,bias=off|trend0|pat0|ret0|ghost1|sess=asia,off,False,False,False,True,asia,248,0.266129,0.000282,0.000757,1.07789,10002.82
7,bias=off|trend0|pat0|ret0|ghost1|sess=london,off,False,False,False,True,london,239,0.25523,0.0001,0.000887,1.028057,10001.0
8,bias=off|trend0|pat0|ret0|ghost1|sess=newyork,off,False,False,False,True,newyork,264,0.280303,0.000658,0.002965,1.173985,10006.58
9,bias=off|trend0|pat0|ret0|ghost1|sess=overlap,off,False,False,False,True,overlap,212,0.254717,9.8e-05,0.003054,1.031181,10000.98
10,bias=off|trend0|pat0|ret0|ghost1|sess=all,off,False,False,False,True,all,327,0.262997,0.00034,0.000745,1.070496,10003.4
11,bias=off|trend0|pat0|ret1|ghost0|sess=asia,off,False,False,True,False,asia,0,0.0,0.0,0.0,0.0,10000.0
12,bias=off|trend0|pat0|ret1|ghost0|sess=london,off,False,False,True,False,london,0,0.0,0.0,0.0,0.0,10000.0
13,bias=off|trend0|pat0|ret1|ghost0|sess=newyork,off,False,False,True,False,newyork,0,0.0,0.0,0.0,0.0,10000.0
14,bias=off|trend0|pat0|ret1|ghost0|sess=overlap,off,False,False,True,False,overlap,0,0.0,0.0,0.0,0.0,10000.0
15,bias=off|trend0|pat0|ret1|ghost0|sess=all,off,False,False,True,False,all,0,0.0,0.0,0.0,0.0,10000.0
16,bias=off|trend0|pat0|ret1|ghost1|sess=asia,off,False,False,True,True,asia,0,0.0,0.0,0.0,0.0,10000.0
17,bias=off|trend0|pat0|ret1|ghost1|sess=london,off,False,False,True,True,london,0,0.0,0.0,0.0,0.0,10000.0
18,bias=off|trend0|pat0|ret1|ghost1|sess=newyork,off,False,False,True,True,newyork,0,0.0,0.0,0.0,0.0,10000.0
19,bias=off|trend0|pat0|ret1|ghost1|sess=overlap,off,False,False,True,True,overlap,0,0.0,0.0,0.0,0.0,10000.0
20,bias=off|trend0|pat0|ret1|ghost1|sess=all,off,False,False,True,True,all,0,0.0,0.0,0.0,0.0,10000.0
21,bias=off|trend0|pat1|ret0|ghost0|sess=asia,off,False,True,False,False,asia,276,0.221014,-0.000744,0.00112,0.826978,9992.56
22,bias=off|trend0|pat1|ret0|ghost0|sess=london,off,False,True,False,False,london,245,0.244898,-0.000121,0.001231,0.967253,9998.79
23,bias=off|trend0|pat1|ret0|ghost0|sess=newyork,off,False,True,False,False,newyork,253,0.296443,0.000741,0.00097,1.209135,10007.41
24,bias=off|trend0|pat1|ret0|ghost0|sess=overlap,off,False,True,False,False,overlap,142,0.253521,2e-05,0.001203,1.009296,10000.2
25,bias=off|trend0|pat1|ret0|ghost0|sess=all,off,False,True,False,False,all,453,0.247241,-0.000461,0.00202,0.932326,9995.39
26,bias=off|trend0|pat1|ret0|ghost1|sess=asia,off,False,True,False,True,asia,136,0.205882,-0.00048,0.000953,0.777794,9995.2
27,bias=off|trend0|pat1|ret0|ghost1|sess=london,off,False,True,False,True,london,133,0.308271,0.00062,0.000643,1.336882,10006.2
28,bias=off|trend0|pat1|ret0|ghost1|sess=newyork,off,False,True,False,True,newyork,108,0.12963,-0.00104,0.001285,0.446748,9989.6
29,bias=off|trend0|pat1|ret0|ghost1|sess=overlap,off,False,True,False,True,overlap,69,0.173913,-0.00042,0.000695,0.631539,9995.8
30,bias=off|trend0|pat1|ret0|ghost1|sess=all,off,False,True,False,True,all,196,0.336735,0.001361,0.000321,1.523057,10013.61
31,bias=off|trend0|pat1|ret1|ghost0|sess=asia,off,False,True,True,False,asia,0,0.0,0.0,0.0,0.0,10000.0
32,bias=off|trend0|pat1|ret1|ghost0|sess=london,off,False,True,True,False,london,0,0.0,0.0,0.0,0.0,10000.0
33,bias=off|trend0|pat1|ret1|ghost0|sess=newyork,off,False,True,True,False,newyork,0,0.0,0.0,0.0,0.0,10000.0
34,bias=off|trend0|pat1|ret1|ghost0|sess=overlap,off,False,True,True,False,overlap,0,0.0,0.0,0.0,0.0,10000.0
35,bias=off|trend0|pat1|ret1|ghost0|sess=all,off,False,True,True,False,all,0,0.0,0.0,0.0,0.0,10000.0
36,bias=off|trend0|pat1|ret1|ghost1|sess=asia,off,False,True,True,True,asia,0,0.0,0.0,0.0,0.0,10000.0
37,bias=off|trend0|pat1|ret1|ghost1|sess=london,off,False,True,True,True,london,0,0.0,0.0,0.0,0.0,10000.0
38,bias=off|trend0|pat1|ret1|ghost1|sess=newyork,off,False,True,True,True,newyork,0,0.0,0.0,0.0,0.0,10000.0
39,bias=off|trend0|pat1|ret1|ghost1|sess=overlap,off,False,True,True,True,overlap,0,0.0,0.0,0.0,0.0,10000.0
40,bias=off|trend0|pat1|ret1|ghost1|sess=all,off,False,True,True,True,all,0,0.0,0.0,0.0,0.0,10000.0
41,bias=off|trend1|pat0|ret0|ghost0|sess=asia,off,True,False,False,False,asia,355,0.278873,0.000657,0.00107,1.129309,10006.57
42,bias=off|trend1|pat0|ret0|ghost0|sess=london,off,True,False,False,False,london,354,0.305085,0.001223,0.000676,1.24943,10012.23
43,bias=off|trend1|pat0|ret0|ghost0|sess=newyork,off,True,False,False,False,newyork,350,0.282857,0.000351,0.001404,1.070139,10003.51
44,bias=off|trend1|pat0|ret0|ghost0|sess=overlap,off,True,False,False,False,overlap,284,0.271127,0.000178,0.001197,1.043159,10001.78
45,bias=off|trend1|pat0|ret0|ghost0|sess=all,off,True,False,False,False,all,506,0.258893,2.6e-05,0.001096,1.003417,10000.26
46,bias=off|trend1|pat0|ret0|ghost1|sess=asia,off,True,False,False,True,asia,160,0.2625,0.00016,0.000633,1.06775,10001.6
47,bias=off|trend1|pat0|ret0|ghost1|sess=london,off,True,False,False,True,london,181,0.276243,0.00038,0.001299,1.145004,10003.8
48,bias=off|trend1|pat0|ret0|ghost1|sess=newyork,off,True,False,False,True,newyork,198,0.257576,0.000138,0.003003,1.04722,10001.38
49,bias=off|trend1|pat0|ret0|ghost1|sess=overlap,off,True,False,False,True,overlap,162,0.271605,0.000298,0.00299,1.127256,10002.98
50,bias=off|trend1|pat0|ret0|ghost1|sess=all,off,True,False,False,True,all,259,0.247104,-6e-05,0.001024,0.984577,9999.4
51,bias=off|trend1|pat0|ret1|ghost0|sess=asia,off,True,False,True,False,asia,0,0.0,0.0,0.0,0.0,10000.0
52,bias=off|trend1|pat0|ret1|ghost0|sess=london,off,True,False,True,False,london,0,0.0,0.0,0.0,0.0,10000.0
53,bias=off|trend1|pat0|ret1|ghost0|sess=newyork,off,True,False,True,False,newyork,0,0.0,0.0,0.0,0.0,10000.0
54,bias=off|trend1|pat0|ret1|ghost0|sess=overlap,off,True,False,True,False,overlap,0,0.0,0.0,0.0,0.0,10000.0
55,bias=off|trend1|pat0|ret1|ghost0|sess=all,off,True,False,True,False,all,0,0.0,0.0,0.0,0.0,10000.0
56,bias=off|trend1|pat0|ret1|ghost1|sess=asia,off,True,False,True,True,asia,0,0.0,0.0,0.0,0.0,10000.0
57,bias=off|trend1|pat0|ret1|ghost1|sess=london,off,True,False,True,True,london,0,0.0,0.0,0.0,0.0,10000.0
58,bias=off|trend1|pat0|ret1|ghost1|sess=newyork,off,True,False,True,True,newyork,0,0.0,0.0,0.0,0.0,10000.0
59,bias=off|trend1|pat0|ret1|ghost1|sess=overlap,off,True,False,True,True,overlap,0,0.0,0.0,0.0,0.0,10000.0
60,bias=off|trend1|pat0|ret1|ghost1|sess=all,off,True,False,True,True,all,0,0.0,0.0,0.0,0.0,10000.0
61,bias=off|trend1|pat1|ret0|ghost0|sess=asia,off,True,True,False,False,asia,159,0.264151,0.00012,0.00058,1.051452,10001.2
62,bias=off|trend1|pat1|ret0|ghost0|sess=london,off,True,True,False,False,london,133,0.210526,-0.00042,0.000517,0.799979,9995.8
63,bias=off|trend1|pat1|ret0|ghost0|sess=newyork,off,True,True,False,False,newyork,127,0.283465,0.00026,0.000416,1.142813,10002.6
64,bias=off|trend1|pat1|ret0|ghost0|sess=overlap,off,True,True,False,False,overlap,71,0.239437,-0.0001,0.000417,0.907371,9999.0
65,bias=off|trend1|pat1|ret0|ghost0|sess=all,off,True,True,False,False,all,276,0.293478,0.000677,0.000695,1.173631,10006.77
66,bias=off|trend1|pat1|ret0|ghost1|sess=asia,off,True,True,False,True,asia,75,0.253333,2e-05,0.000404,1.017816,10000.2
67,bias=off|trend1|pat1|ret0|ghost1|sess=london,off,True,True,False,True,london,71,0.295775,0.00026,0.000475,1.259944,10002.6
68,bias=off|trend1|pat1|ret0|ghost1|sess=newyork,off,True,True,False,True,newyork,56,0.196429,-0.00024,0.000276,0.733302,9997.6
69,bias=off|trend1|pat1|ret0|ghost1|sess=overlap,off,True,True,False,True,overlap,34,0.205882,-0.00012,0.000294,0.77774,9998.8
70,bias=off|trend1|pat1|ret0|ghost1|sess=all,off,True,True,False,True,all,116,0.336207,0.0008,0.000591,1.519384,10008.0
71,bias=off|trend1|pat1|ret1|ghost0|sess=asia,off,True,True,True,False,asia,0,0.0,0.0,0.0,0.0,10000.0
72,bias=off|trend1|pat1|ret1|ghost0|sess=london,off,True,True,True,False,london,0,0.0,0.0,0.0,0.0,10000.0
73,bias=off|trend1|pat1|ret1|ghost0|sess=newyork,off,True,True,True,False,newyork,0,0.0,0.0,0.0,0.0,10000.0
74,bias=off|trend1|pat1|ret1|ghost0|sess=overlap,off,True,True,True,False,overlap,0,0.0,0.0,0.0,0.0,10000.0
75,bias=off|trend1|pat1|ret1|ghost0|sess=all,off,True,True,True,False,all,0,0.0,0.0,0.0,0.0,10000.0
76,bias=off|trend1|pat1|ret1|ghost1|sess=asia,off,True,True,True,True,asia,0,0.0,0.0,0.0,0.0,10000.0
77,bias=off|trend1|pat1|ret1|ghost1|sess=london,off,True,True,True,True,london,0,0.0,0.0,0.0,0.0,10000.0
78,bias=off|trend1|pat1|ret1|ghost1|sess=newyork,off,True,True,True,True,newyork,0,0.0,0.0,0.0,0.0,10000.0
79,bias=off|trend1|pat1|ret1|ghost1|sess=overlap,off,True,True,True,True,overlap,0,0.0,0.0,0.0,0.0,10000.0
80,bias=off|trend1|pat1|ret1|ghost1|sess=all,off,True,True,True,True,all,0,0.0,0.0,0.0,0.0,10000.0
81,bias=pair|trend0|pat0|ret0|ghost0|sess=asia,pair,False,False,False,False,asia,266,0.274436,0.000408,0.000738,1.106195,10004.08
82,bias=pair|trend0|pat0|ret0|ghost0|sess=london,pair,False,False,False,False,london,296,0.216216,-0.000862,0.001499,0.813494,9991.38
83,bias=pair|trend0|pat0|ret0|ghost0|sess=newyork,pair,False,False,False,False,newyork,272,0.246324,-0.000313,0.000928,0.923592,9996.87
84,bias=pair|trend0|pat0|ret0|ghost0|sess=overlap,pair,False,False,False,False,overlap,200,0.245,-0.000168,0.00172,0.943633,9998.32
85,bias=pair|trend0|pat0|ret0|ghost0|sess=all,pair,False,False,False,False,all,370,0.235135,-0.000539,0.000897,0.904522,9994.61
86,bias=pair|trend0|pat0|ret0|ghost1|sess=asia,pair,False,False,False,True,asia,125,0.232,-0.000236,0.000433,0.877206,9997.64
87,bias=pair|trend0|pat0|ret0|ghost1|sess=london,pair,False,False,False,True,london,148,0.290541,0.00048,0.000468,1.228531,10004.8
88,bias=pair|trend0|pat0|ret0|ghost1|sess=newyork,pair,False,False,False,True,newyork,135,0.251852,2e-05,0.00073,1.009862,10000.2
89,bias=pair|trend0|pat0|ret0|ghost1|sess=overlap,pair,False,False,False,True,overlap,112,0.25,1.8e-05,0.003191,1.010847,10000.18
90,bias=pair|trend0|pat0|ret0|ghost1|sess=all,pair,False,False,False,True,all,177,0.259887,0.00014,0.000485,1.053387,10001.4
91,bias=pair|trend0|pat0|ret1|ghost0|sess=asia,pair,False,False,True,False,asia,0,0.0,0.0,0.0,0.0,10000.0
92,bias=pair|trend0|pat0|ret1|ghost0|sess=london,pair,False,False,True,False,london,0,0.0,0.0,0.0,0.0,10000.0
93,bias=pair|trend0|pat0|ret1|ghost0|sess=newyork,pair,False,False,True,False,newyork,0,0.0,0.0,0.0,0.0,10000.0
94,bias=pair|trend0|pat0|ret1|ghost0|sess=overlap,pair,False,False,True,False,overlap,0,0.0,0.0,0.0,0.0,10000.0
95,bias=pair|trend0|pat0|ret1|ghost0|sess=all,pair,False,False,True,False,all,0,0.0,0.0,0.0,0.0,10000.0
96,bias=pair|trend0|pat0|ret1|ghost1|sess=asia,pair,False,False,True,True,asia,0,0.0,0.0,0.0,0.0,10000.0
97,bias=pair|trend0|pat0|ret1|ghost1|sess=london,pair,False,False,True,True,london,0,0.0,0.0,0.0,0.0,10000.0
98,bias=pair|trend0|pat0|ret1|ghost1|sess=newyork,pair,False,False,True,True,newyork,0,0.0,0.0,0.0,0.0,10000.0
99,bias=pair|trend0|pat0|ret1|ghost1|sess=overlap,pair,False,False,True,True,overlap,0,0.0,0.0,0.0,0.0,10000.0
100,bias=pair|trend0|pat0|ret1|ghost1|sess=all,pair,False,False,True,True,all,0,0.0,0.0,0.0,0.0,10000.0
101,bias=pair|trend0|pat1|ret0|ghost0|sess=asia,pair,False,True,False,False,asia,116,0.224138,-0.000284,0.000782,0.842061,9997.16
102,bias=pair|trend0|pat1|ret0|ghost0|sess=london,pair,False,True,False,False,london,108,0.25,-4.1e-05,0.000504,0.974688,9999.59
103,bias=pair|trend0|pat1|ret0|ghost0|sess=newyork,pair,False,True,False,False,newyork,110,0.3,0.000356,0.001167,1.236989,10003.56
104,bias=pair|trend0|pat1|ret0|ghost0|sess=overlap,pair,False,True,False,False,overlap,55,0.254545,4e-05,0.001227,1.049447,10000.4
105,bias=pair|trend0|pat1|ret0|ghost0|sess=all,pair,False,True,False,False,all,222,0.234234,-0.0003,0.001348,0.911101,9997.0
106,bias=pair|trend0|pat1|ret0|ghost1|sess=asia,pair,False,True,False,True,asia,61,0.262295,6e-05,0.00035,1.066624,10000.6
107,bias=pair|trend0|pat1|ret0|ghost1|sess=london,pair,False,True,False,True,london,54,0.314815,0.00028,0.000463,1.378297,10002.8
108,bias=pair|trend0|pat1|ret0|ghost1|sess=newyork,pair,False,True,False,True,newyork,39,0.153846,-0.0003,0.000402,0.545453,9997.0
109,bias=pair|trend0|pat1|ret0|ghost1|sess=overlap,pair,False,True,False,True,overlap,26,0.153846,-0.0002,0.000312,0.545435,9998.0
110,bias=pair|trend0|pat1|ret0|ghost1|sess=all,pair,False,True,False,True,all,97,0.247423,-2e-05,0.000438,0.986262,9999.8
111,bias=pair|trend0|pat1|ret1|ghost0|sess=asia,pair,False,True,True,False,asia,0,0.0,0.0,0.0,0.0,10000.0
112,bias=pair|trend0|pat1|ret1|ghost0|sess=london,pair,False,True,True,False,london,0,0.0,0.0,0.0,0.0,10000.0
113,bias=pair|trend0|pat1|ret1|ghost0|sess=newyork,pair,False,True,True,False,newyork,0,0.0,0.0,0.0,0.0,10000.0
114,bias=pair|trend0|pat1|ret1|ghost0|sess=overlap,pair,False,True,True,False,overlap,0,0.0,0.0,0.0,0.0,10000.0
115,bias=pair|trend0|pat1|ret1|ghost0|sess=all,pair,False,True,True,False,all,0,0.0,0.0,0.0,0.0,10000.0
116,bias=pair|trend0|pat1|ret1|ghost1|sess=asia,pair,False,True,True,True,asia,0,0.0,0.0,0.0,0.0,10000.0
117,bias=pair|trend0|pat1|ret1|ghost1|sess=london,pair,False,True,True,True,london,0,0.0,0.0,0.0,0.0,10000.0
118,bias=pair|trend0|pat1|ret1|ghost1|sess=newyork,pair,False,True,True,True,newyork,0,0.0,0.0,0.0,0.0,10000.0
119,bias=pair|trend0|pat1|ret1|ghost1|sess=overlap,pair,False,True,True,True,overlap,0,0.0,0.0,0.0,0.0,10000.0
120,bias=pair|trend0|pat1|ret1|ghost1|sess=all,pair,False,True,True,True,all,0,0.0,0.0,0.0,0.0,10000.0
121,bias=pair|trend1|pat0|ret0|ghost0|sess=asia,pair,True,False,False,False,asia,147,0.272109,0.000279,0.000429,1.131723,10002.79
122,bias=pair|trend1|pat0|ret0|ghost0|sess=london,pair,True,False,False,False,london,152,0.217105,-0.00044,0.001078,0.815128,9995.6
123,bias=pair|trend1|pat0|ret0|ghost0|sess=newyork,pair,True,False,False,False,newyork,162,0.314815,0.000644,0.001043,1.292325,10006.44
124,bias=pair|trend1|pat0|ret0|ghost0|sess=overlap,pair,True,False,False,False,overlap,122,0.286885,0.000214,0.001401,1.124406,10002.14
125,bias=pair|trend1|pat0|ret0|ghost0|sess=all,pair,True,False,False,False,all,218,0.321101,0.00087,0.001988,1.293734,10008.7
126,bias=pair|trend1|pat0|ret0|ghost1|sess=asia,pair,True,False,False,True,asia,78,0.269231,0.00012,0.000424,1.105222,10001.2
127,bias=pair|trend1|pat0|ret0|ghost1|sess=london,pair,True,False,False,True,london,83,0.277108,0.00018,0.000333,1.149962,10001.8
128,bias=pair|trend1|pat0|ret0|ghost1|sess=newyork,pair,True,False,False,True,newyork,83,0.26506,0.0001,0.000311,1.081935,10001.0
129,bias=pair|trend1|pat0|ret0|ghost1|sess=overlap,pair,True,False,False,True,overlap,62,0.241935,-2.2e-05,0.002941,0.976195,9999.78
130,bias=pair|trend1|pat0|ret0|ghost1|sess=all,pair,True,False,False,True,all,107,0.233645,-0.00012,0.001335,0.925676,9998.8
131,bias=pair|trend1|pat0|ret1|ghost0|sess=asia,pair,True,False,True,False,asia,0,0.0,0.0,0.0,0.0,10000.0
132,bias=pair|trend1|pat0|ret1|ghost0|sess=london,pair,True,False,True,False,london,0,0.0,0.0,0.0,0.0,10000.0
133,bias=pair|trend1|pat0|ret1|ghost0|sess=newyork,pair,True,False,True,False,newyork,0,0.0,0.0,0.0,0.0,10000.0
134,bias=pair|trend1|pat0|ret1|ghost0|sess=overlap,pair,True,False,True,False,overlap,0,0.0,0.0,0.0,0.0,10000.0
135,bias=pair|trend1|pat0|ret1|ghost0|sess=all,pair,True,False,True,False,all,0,0.0,0.0,0.0,0.0,10000.0
136,bias=pair|trend1|pat0|ret1|ghost1|sess=asia,pair,True,False,True,True,asia,0,0.0,0.0,0.0,0.0,10000.0
137,bias=pair|trend1|pat0|ret1|ghost1|sess=london,pair,True,False,True,True,london,0,0.0,0.0,0.0,0.0,10000.0
138,bias=pair|trend1|pat0|ret1|ghost1|sess=newyork,pair,True,False,True,True,newyork,0,0.0,0.0,0.0,0.0,10000.0
139,bias=pair|trend1|pat0|ret1|ghost1|sess=overlap,pair,True,False,True,True,overlap,0,0.0,0.0,0.0,0.0,10000.0
140,bias=pair|trend1|pat0|ret1|ghost1|sess=all,pair,True,False,True,True,all,0,0.0,0.0,0.0,0.0,10000.0
141,bias=pair|trend1|pat1|ret0|ghost0|sess=asia,pair,True,True,False,False,asia,57,0.210526,-0.00018,0.000541,0.799993,9998.2
142,bias=pair|trend1|pat1|ret0|ghost0|sess=london,pair,True,True,False,False,london,55,0.218182,-0.000121,0.001054,0.856461,9998.79
143,bias=pair|trend1|pat1|ret0|ghost0|sess=newyork,pair,True,True,False,False,newyork,55,0.272727,6e-05,0.000397,1.074959,10000.6
144,bias=pair|trend1|pat1|ret0|ghost0|sess=overlap,pair,True,True,False,False,overlap,23,0.217391,-6e-05,0.000366,0.8333,9999.4
145,bias=pair|trend1|pat1|ret0|ghost0|sess=all,pair,True,True,False,False,all,121,0.22314,-0.0003,0.000554,0.840401,9997.0
146,bias=pair|trend1|pat1|ret0|ghost1|sess=asia,pair,True,True,False,True,asia,32,0.28125,8e-05,0.00035,1.173884,10000.8
147,bias=pair|trend1|pat1|ret0|ghost1|sess=london,pair,True,True,False,True,london,32,0.34375,0.00024,0.000455,1.571378,10002.4
148,bias=pair|trend1|pat1|ret0|ghost1|sess=newyork,pair,True,True,False,True,newyork,29,0.206897,-0.0001,0.000269,0.782595,9999.0
149,bias=pair|trend1|pat1|ret0|ghost1|sess=overlap,pair,True,True,False,True,overlap,12,0.166667,-8e-05,0.000251,0.59999,9999.2
150,bias=pair|trend1|pat1|ret0|ghost1|sess=all,pair,True,True,False,True,all,65,0.369231,0.00062,0.000467,1.756061,10006.2
151,bias=pair|trend1|pat1|ret1|ghost0|sess=asia,pair,True,True,True,False,asia,0,0.0,0.0,0.0,0.0,10000.0
152,bias=pair|trend1|pat1|ret1|ghost0|sess=london,pair,True,True,True,False,london,0,0.0,0.0,0.0,0.0,10000.0
153,bias=pair|trend1|pat1|ret1|ghost0|sess=newyork,pair,True,True,True,False,newyork,0,0.0,0.0,0.0,0.0,10000.0
154,bias=pair|trend1|pat1|ret1|ghost0|sess=overlap,pair,True,True,True,False,overlap,0,0.0,0.0,0.0,0.0,10000.0
155,bias=pair|trend1|pat1|ret1|ghost0|sess=all,pair,True,True,True,False,all,0,0.0,0.0,0.0,0.0,10000.0
156,bias=pair|trend1|pat1|ret1|ghost1|sess=asia,pair,True,True,True,True,asia,0,0.0,0.0,0.0,0.0,10000.0
157,bias=pair|trend1|pat1|ret1|ghost1|sess=london,pair,True,True,True,True,london,0,0.0,0.0,0.0,0.0,10000.0
158,bias=pair|trend1|pat1|ret1|ghost1|sess=newyork,pair,True,True,True,True,newyork,0,0.0,0.0,0.0,0.0,10000.0
159,bias=pair|trend1|pat1|ret1|ghost1|sess=overlap,pair,True,True,True,True,overlap,0,0.0,0.0,0.0,0.0,10000.0
160,bias=pair|trend1|pat1|ret1|ghost1|sess=all,pair,True,True,True,True,all,0,0.0,0.0,0.0,0.0,10000.0
161,bias=weekly|trend0|pat0|ret0|ghost0|sess=asia,weekly,False,False,False,False,asia,302,0.245033,-0.000388,0.001263,0.914049,9996.12
162,bias=weekly|trend0|pat0|ret0|ghost0|sess=london,weekly,False,False,False,False,london,319,0.219436,-0.000921,0.001564,0.814348,9990.79
163,bias=weekly|trend0|pat0|ret0|ghost0|sess=newyork,weekly,False,False,False,False,newyork,331,0.274924,0.000285,0.001043,1.059551,10002.85
164,bias=weekly|trend0|pat0|ret0|ghost0|sess=overlap,weekly,False,False,False,False,overlap,239,0.25523,7.4e-05,0.001524,1.020934,10000.74
165,bias=weekly|trend0|pat0|ret0|ghost0|sess=all,weekly,False,False,False,False,all,412,0.259709,4.6e-05,0.000874,1.007592,10000.46
166,bias=weekly|trend0|pat0|ret0|ghost1|sess=asia,weekly,False,False,False,True,asia,149,0.248322,-7.6e-05,0.000612,0.966177,9999.24
167,bias=weekly|trend0|pat0|ret0|ghost1|sess=london,weekly,False,False,False,True,london,170,0.276471,0.00036,0.001292,1.146314,10003.6
168,bias=weekly|trend0|pat0|ret0|ghost1|sess=newyork,weekly,False,False,False,True,newyork,153,0.326797,0.00094,0.000459,1.456208,10009.4
169,bias=weekly|trend0|pat0|ret0|ghost1|sess=overlap,weekly,False,False,False,True,overlap,123,0.325203,0.000758,0.002785,1.461645,10007.58
170,bias=weekly|trend0|pat0|ret0|ghost1|sess=all,weekly,False,False,False,True,all,204,0.245098,-8e-05,0.000637,0.97399,9999.2
171,bias=weekly|trend0|pat0|ret1|ghost0|sess=asia,weekly,False,False,True,False,asia,0,0.0,0.0,0.0,0.0,10000.0
172,bias=weekly|trend0|pat0|ret1|ghost0|sess=london,weekly,False,False,True,False,london,0,0.0,0.0,0.0,0.0,10000.0
173,bias=weekly|trend0|pat0|ret1|ghost0|sess=newyork,weekly,False,False,True,False,newyork,0,0.0,0.0,0.0,0.0,10000.0
174,bias=weekly|trend0|pat0|ret1|ghost0|sess=overlap,weekly,False,False,True,False,overlap,0,0.0,0.0,0.0,0.0,10000.0
175,bias=weekly|trend0|pat0|ret1|ghost0|sess=all,weekly,False,False,True,False,all,0,0.0,0.0,0.0,0.0,10000.0
176,bias=weekly|trend0|pat0|ret1|ghost1|sess=asia,weekly,False,False,True,True,asia,0,0.0,0.0,0.0,0.0,10000.0
177,bias=weekly|trend0|pat0|ret1|ghost1|sess=london,weekly,False,False,True,True,london,0,0.0,0.0,0.0,0.0,10000.0
178,bias=weekly|trend0|pat0|ret1|ghost1|sess=newyork,weekly,False,False,True,True,newyork,0,0.0,0.0,0.0,0.0,10000.0
179,bias=weekly|trend0|pat0|ret1|ghost1|sess=overlap,weekly,False,False,True,True,overlap,0,0.0,0.0,0.0,0.0,10000.0
180,bias=weekly|trend0|pat0|ret1|ghost1|sess=all,weekly,False,False,True,True,all,0,0.0,0.0,0.0,0.0,10000.0
181,bias=weekly|trend0|pat1|ret0|ghost0|sess=asia,weekly,False,True,False,False,asia,139,0.194245,-0.000601,0.000869,0.729451,9993.99
182,bias=weekly|trend0|pat1|ret0|ghost0|sess=london,weekly,False,True,False,False,london,107,0.233645,-0.000221,0.000434,0.865242,9997.79
183,bias=weekly|trend0|pat1|ret0|ghost0|sess=newyork,weekly,False,True,False,False,newyork,109,0.293578,0.000276,0.001033,1.181374,10002.76
184,bias=weekly|trend0|pat1|ret0|ghost0|sess=overlap,weekly,False,True,False,False,overlap,62,0.225806,-0.00014,0.001083,0.850674,9998.6
185,bias=weekly|trend0|pat1|ret0|ghost0|sess=all,weekly,False,True,False,False,all,241,0.244813,-0.00026,0.001817,0.928241,9997.4
186,bias=weekly|trend0|pat1|ret0|ghost1|sess=asia,weekly,False,True,False,True,asia,71,0.225352,-0.00014,0.000496,0.872691,9998.6
187,bias=weekly|trend0|pat1|ret0|ghost1|sess=london,weekly,False,True,False,True,london,59,0.271186,0.0001,0.000338,1.116238,10001.0
188,bias=weekly|trend0|pat1|ret0|ghost1|sess=newyork,weekly,False,True,False,True,newyork,52,0.192308,-0.00024,0.000374,0.714256,9997.6
189,bias=weekly|trend0|pat1|ret0|ghost1|sess=overlap,weekly,False,True,False,True,overlap,26,0.192308,-0.00012,0.000234,0.714262,9998.8
190,bias=weekly|trend0|pat1|ret0|ghost1|sess=all,weekly,False,True,False,True,all,102,0.245098,-4e-05,0.000491,0.973986,9999.6
191,bias=weekly|trend0|pat1|ret1|ghost0|sess=asia,weekly,False,True,True,False,asia,0,0.0,0.0,0.0,0.0,10000.0
192,bias=weekly|trend0|pat1|ret1|ghost0|sess=london,weekly,False,True,True,False,london,0,0.0,0.0,0.0,0.0,10000.0
193,bias=weekly|trend0|pat1|ret1|ghost0|sess=newyork,weekly,False,True,True,False,newyork,0,0.0,0.0,0.0,0.0,10000.0
194,bias=weekly|trend0|pat1|ret1|ghost0|sess=overlap,weekly,False,True,True,False,overlap,0,0.0,0.0,0.0,0.0,10000.0
195,bias=weekly|trend0|pat1|ret1|ghost0|sess=all,weekly,False,True,True,False,all,0,0.0,0.0,0.0,0.0,10000.0
196,bias=weekly|trend0|pat1|ret1|ghost1|sess=asia,weekly,False,True,True,True,asia,0,0.0,0.0,0.0,0.0,10000.0
197,bias=weekly|trend0|pat1|ret1|ghost1|sess=london,weekly,False,True,True,True,london,0,0.0,0.0,0.0,0.0,10000.0
198,bias=weekly|trend0|pat1|ret1|ghost1|sess=newyork,weekly,False,True,True,True,newyork,0,0.0,0.0,0.0,0.0,10000.0
199,bias=weekly|trend0|pat1|ret1|ghost1|sess=overlap,weekly,False,True,True,True,overlap,0,0.0,0.0,0.0,0.0,10000.0
200,bias=weekly|trend0|pat1|ret1|ghost1|sess=all,weekly,False,True,True,True,all,0,0.0,0.0,0.0,0.0,10000.0
201,bias=weekly|trend1|pat0|ret0|ghost0|sess=asia,weekly,True,False,False,False,asia,164,0.22561,-0.000282,0.001019,0.8871,9997.18
202,bias=weekly|trend1|pat0|ret0|ghost0|sess=london,weekly,True,False,False,False,london,163,0.233129,-0.00042,0.000918,0.831991,9995.8
203,bias=weekly|trend1|pat0|ret0|ghost0|sess=newyork,weekly,True,False,False,False,newyork,165,0.290909,0.000366,0.000467,1.156264,10003.66
204,bias=weekly|trend1|pat0|ret0|ghost0|sess=overlap,weekly,True,False,False,False,overlap,129,0.286822,0.000314,0.001343,1.172476,10003.14
205,bias=weekly|trend1|pat0|ret0|ghost0|sess=all,weekly,True,False,False,False,all,248,0.278226,0.000274,0.001988,1.076499,10002.74
206,bias=weekly|trend1|pat0|ret0|ghost1|sess=asia,weekly,True,False,False,True,asia,78,0.230769,-0.00012,0.000371,0.899971,9998.8
207,bias=weekly|trend1|pat0|ret0|ghost1|sess=london,weekly,True,False,False,True,london,84,0.333333,0.00056,0.000206,1.499922,10005.6
208,bias=weekly|trend1|pat0|ret0|ghost1|sess=newyork,weekly,True,False,False,True,newyork,87,0.356322,0.00074,0.00032,1.660601,10007.4
209,bias=weekly|trend1|pat0|ret0|ghost1|sess=overlap,weekly,True,False,False,True,overlap,70,0.314286,0.00036,0.00032,1.37494,10003.6
210,bias=weekly|trend1|pat0|ret0|ghost1|sess=all,weekly,True,False,False,True,all,113,0.247788,-0.0,0.001337,0.999729,10000.0
211,bias=weekly|trend1|pat0|ret1|ghost0|sess=asia,weekly,True,False,True,False,asia,0,0.0,0.0,0.0,0.0,10000.0
212,bias=weekly|trend1|pat0|ret1|ghost0|sess=london,weekly,True,False,True,False,london,0,0.0,0.0,0.0,0.0,10000.0
213,bias=weekly|trend1|pat0|ret1|ghost0|sess=newyork,weekly,True,False,True,False,newyork,0,0.0,0.0,0.0,0.0,10000.0
214,bias=weekly|trend1|pat0|ret1|ghost0|sess=overlap,weekly,True,False,True,False,overlap,0,0.0,0.0,0.0,0.0,10000.0
215,bias=weekly|trend1|pat0|ret1|ghost0|sess=all,weekly,True,False,True,False,all,0,0.0,0.0,0.0,0.0,10000.0
216,bias=weekly|trend1|pat0|ret1|ghost1|sess=asia,weekly,True,False,True,True,asia,0,0.0,0.0,0.0,0.0,10000.0
217,bias=weekly|trend1|pat0|ret1|ghost1|sess=london,weekly,True,False,True,True,london,0,0.0,0.0,0.0,0.0,10000.0
218,bias=weekly|trend1|pat0|ret1|ghost1|sess=newyork,weekly,True,False,True,True,newyork,0,0.0,0.0,0.0,0.0,10000.0
219,bias=weekly|trend1|pat0|ret1|ghost1|sess=overlap,weekly,True,False,True,True,overlap,0,0.0,0.0,0.0,0.0,10000.0
220,bias=weekly|trend1|pat0|ret1|ghost1|sess=all,weekly,True,False,True,True,all,0,0.0,0.0,0.0,0.0,10000.0
221,bias=weekly|trend1|pat1|ret0|ghost0|sess=asia,weekly,True,True,False,False,asia,68,0.205882,-0.00024,0.000569,0.777772,9997.6
222,bias=weekly|trend1|pat1|ret0|ghost0|sess=london,weekly,True,True,False,False,london,55,0.2,-0.00022,0.001054,0.750195,9997.8
223,bias=weekly|trend1|pat1|ret0|ghost0|sess=newyork,weekly,True,True,False,False,newyork,48,0.375,0.00044,0.000358,1.733258,10004.4
224,bias=weekly|trend1|pat1|ret0|ghost0|sess=overlap,weekly,True,True,False,False,overlap,26,0.230769,-4e-05,0.00037,0.899962,9999.6
225,bias=weekly|trend1|pat1|ret0|ghost0|sess=all,weekly,True,True,False,False,all,118,0.237288,-0.0002,0.000638,0.888856,9998.0
226,bias=weekly|trend1|pat1|ret0|ghost1|sess=asia,weekly,True,True,False,True,asia,35,0.314286,0.00018,0.000195,1.374971,10001.8
227,bias=weekly|trend1|pat1|ret0|ghost1|sess=london,weekly,True,True,False,True,london,24,0.375,0.00024,0.00015,1.799923,10002.4
228,bias=weekly|trend1|pat1|ret0|ghost1|sess=newyork,weekly,True,True,False,True,newyork,23,0.173913,-0.00014,0.000234,0.631564,9998.6
229,bias=weekly|trend1|pat1|ret0|ghost1|sess=overlap,weekly,True,True,False,True,overlap,13,0.153846,-0.0001,0.00022,0.54544,9999.0
230,bias=weekly|trend1|pat1|ret0|ghost1|sess=all,weekly,True,True,False,True,all,53,0.264151,6e-05,0.000324,1.076888,10000.6
231,bias=weekly|trend1|pat1|ret1|ghost0|sess=asia,weekly,True,True,True,False,asia,0,0.0,0.0,0.0,0.0,10000.0
232,bias=weekly|trend1|pat1|ret1|ghost0|sess=london,weekly,True,True,True,False,london,0,0.0,0.0,0.0,0.0,10000.0
233,bias=weekly|trend1|pat1|ret1|ghost0|sess=newyork,weekly,True,True,True,False,newyork,0,0.0,0.0,0.0,0.0,10000.0
234,bias=weekly|trend1|pat1|ret1|ghost0|sess=overlap,weekly,True,True,True,False,overlap,0,0.0,0.0,0.0,0.0,10000.0
235,bias=weekly|trend1|pat1|ret1|ghost0|sess=all,weekly,True,True,True,False,all,0,0.0,0.0,0.0,0.0,10000.0
236,bias=weekly|trend1|pat1|ret1|ghost1|sess=asia,weekly,True,True,True,True,asia,0,0.0,0.0,0.0,0.0,10000.0
237,bias=weekly|trend1|pat1|ret1|ghost1|sess=london,weekly,True,True,True,True,london,0,0.0,0.0,0.0,0.0,10000.0
238,bias=weekly|trend1|pat1|ret1|ghost1|sess=newyork,weekly,True,True,True,True,newyork,0,0.0,0.0,0.0,0.0,10000.0
239,bias=weekly|trend1|pat1|ret1|ghost1|sess=overlap,weekly,True,True,True,True,overlap,0,0.0,0.0,0.0,0.0,10000.0
240,bias=weekly|trend1|pat1|ret1|ghost1|sess=all,weekly,True,True,True,True,all,0,0.0,0.0,0.0,0.0,10000.0
241,bias=daily|trend0|pat0|ret0|ghost0|sess=asia,daily,False,False,False,False,asia,369,0.268293,0.000407,0.001043,1.075994,10004.07
242,bias=daily|trend0|pat0|ret0|ghost0|sess=london,daily,False,False,False,False,london,396,0.214646,-0.001162,0.001648,0.811885,9988.38
243,bias=daily|trend0|pat0|ret0|ghost0|sess=newyork,daily,False,False,False,False,newyork,369,0.276423,0.000445,0.001081,1.083573,10004.45
244,bias=daily|trend0|pat0|ret0|ghost0|sess=overlap,daily,False,False,False,False,overlap,281,0.256228,-6e-06,0.00184,0.998584,9999.94
245,bias=daily|trend0|pat0|ret0|ghost0|sess=all,daily,False,False,False,False,all,488,0.237705,-0.000636,0.001137,0.914261,9993.64
246,bias=daily|trend0|pat0|ret0|ghost1|sess=asia,daily,False,False,False,True,asia,160,0.23125,-0.000296,0.000496,0.879763,9997.04
247,bias=daily|trend0|pat0|ret0|ghost1|sess=london,daily,False,False,False,True,london,197,0.258883,0.00014,0.000599,1.047906,10001.4
248,bias=daily|trend0|pat0|ret0|ghost1|sess=newyork,daily,False,False,False,True,newyork,190,0.263158,0.0002,0.000579,1.071397,10002.0
249,bias=daily|trend0|pat0|ret0|ghost1|sess=overlap,daily,False,False,False,True,overlap,154,0.246753,-2.2e-05,0.00323,0.990441,9999.78
250,bias=daily|trend0|pat0|ret0|ghost1|sess=all,daily,False,False,False,True,all,246,0.252033,4e-05,0.000629,1.010827,10000.4
251,bias=daily|trend0|pat0|ret1|ghost0|sess=asia,daily,False,False,True,False,asia,0,0.0,0.0,0.0,0.0,10000.0
252,bias=daily|trend0|pat0|ret1|ghost0|sess=london,daily,False,False,True,False,london,0,0.0,0.0,0.0,0.0,10000.0
253,bias=daily|trend0|pat0|ret1|ghost0|sess=newyork,daily,False,False,True,False,newyork,0,0.0,0.0,0.0,0.0,10000.0
254,bias=daily|trend0|pat0|ret1|ghost0|sess=overlap,daily,False,False,True,False,overlap,0,0.0,0.0,0.0,0.0,10000.0
255,bias=daily|trend0|pat0|ret1|ghost0|sess=all,daily,False,False,True,False,all,0,0.0,0.0,0.0,0.0,10000.0
256,bias=daily|trend0|pat0|ret1|ghost1|sess=asia,daily,False,False,True,True,asia,0,0.0,0.0,0.0,0.0,10000.0
257,bias=daily|trend0|pat0|ret1|ghost1|sess=london,daily,False,False,True,True,london,0,0.0,0.0,0.0,0.0,10000.0
258,bias=daily|trend0|pat0|ret1|ghost1|sess=newyork,daily,False,False,True,True,newyork,0,0.0,0.0,0.0,0.0,10000.0
259,bias=daily|trend0|pat0|ret1|ghost1|sess=overlap,daily,False,False,True,True,overlap,0,0.0,0.0,0.0,0.0,10000.0
260,bias=daily|trend0|pat0|ret1|ghost1|sess=all,daily,False,False,True,True,all,0,0.0,0.0,0.0,0.0,10000.0
261,bias=daily|trend0|pat1|ret0|ghost0|sess=asia,daily,False,True,False,False,asia,156,0.211538,-0.000524,0.00079,0.786872,9994.76
262,bias=daily|trend0|pat1|ret0|ghost0|sess=london,daily,False,True,False,False,london,148,0.22973,-0.000321,0.000634,0.8592,9996.79
263,bias=daily|trend0|pat1|ret0|ghost0|sess=newyork,daily,False,True,False,False,newyork,145,0.317241,0.000597,0.001229,1.307418,10005.97
264,bias=daily|trend0|pat1|ret0|ghost0|sess=overlap,daily,False,True,False,False,overlap,80,0.2625,6e-05,0.001203,1.05133,10000.6
265,bias=daily|trend0|pat1|ret0|ghost0|sess=all,daily,False,True,False,False,all,284,0.232394,-0.000482,0.001663,0.888831,9995.18
266,bias=daily|trend0|pat1|ret0|ghost1|sess=asia,daily,False,True,False,True,asia,81,0.259259,6e-05,0.000465,1.049956,10000.6
267,bias=daily|trend0|pat1|ret0|ghost1|sess=london,daily,False,True,False,True,london,70,0.285714,0.0002,0.000495,1.199944,10002.0
268,bias=daily|trend0|pat1|ret0|ghost1|sess=newyork,daily,False,True,False,True,newyork,57,0.210526,-0.00018,0.000322,0.79998,9998.2
269,bias=daily|trend0|pat1|ret0|ghost1|sess=overlap,daily,False,True,False,True,overlap,32,0.15625,-0.00024,0.000272,0.555547,9997.6
270,bias=daily|trend0|pat1|ret0|ghost1|sess=all,daily,False,True,False,True,all,112,0.232143,-0.00016,0.000859,0.906949,9998.4
271,bias=daily|trend0|pat1|ret1|ghost0|sess=asia,daily,False,True,True,False,asia,0,0.0,0.0,0.0,0.0,10000.0
272,bias=daily|trend0|pat1|ret1|ghost0|sess=london,daily,False,True,True,False,london,0,0.0,0.0,0.0,0.0,10000.0
273,bias=daily|trend0|pat1|ret1|ghost0|sess=newyork,daily,False,True,True,False,newyork,0,0.0,0.0,0.0,0.0,10000.0
274,bias=daily|trend0|pat1|ret1|ghost0|sess=overlap,daily,False,True,True,False,overlap,0,0.0,0.0,0.0,0.0,10000.0
275,bias=daily|trend0|pat1|ret1|ghost0|sess=all,daily,False,True,True,False,all,0,0.0,0.0,0.0,0.0,10000.0
276,bias=daily|trend0|pat1|ret1|ghost1|sess=asia,daily,False,True,True,True,asia,0,0.0,0.0,0.0,0.0,10000.0
277,bias=daily|trend0|pat1|ret1|ghost1|sess=london,daily,False,True,True,True,london,0,0.0,0.0,0.0,0.0,10000.0
278,bias=daily|trend0|pat1|ret1|ghost1|sess=newyork,daily,False,True,True,True,newyork,0,0.0,0.0,0.0,0.0,10000.0
279,bias=daily|trend0|pat1|ret1|ghost1|sess=overlap,daily,False,True,True,True,overlap,0,0.0,0.0,0.0,0.0,10000.0
280,bias=daily|trend0|pat1|ret1|ghost1|sess=all,daily,False,True,True,True,all,0,0.0,0.0,0.0,0.0,10000.0
281,bias=daily|trend1|pat0|ret0|ghost0|sess=asia,daily,True,False,False,False,asia,190,0.273684,0.000339,0.000357,1.123804,10003.39
282,bias=daily|trend1|pat0|ret0|ghost0|sess=london,daily,True,False,False,False,london,199,0.231156,-0.00038,0.001098,0.875806,9996.2
283,bias=daily|trend1|pat0|ret0|ghost0|sess=newyork,daily,True,False,False,False,newyork,208,0.298077,0.000564,0.001161,1.194254,10005.64
284,bias=daily|trend1|pat0|ret0|ghost0|sess=overlap,daily,True,False,False,False,overlap,159,0.289308,0.000314,0.001361,1.140136,10003.14
285,bias=daily|trend1|pat0|ret0|ghost0|sess=all,daily,True,False,False,False,all,286,0.286713,0.00055,0.001988,1.134882,10005.5
286,bias=daily|trend1|pat0|ret0|ghost1|sess=asia,daily,True,False,False,True,asia,101,0.257426,6e-05,0.000431,1.039959,10000.6
287,bias=daily|trend1|pat0|ret0|ghost1|sess=london,daily,True,False,False,True,london,103,0.271845,0.00018,0.000393,1.119954,10001.8
288,bias=daily|trend1|pat0|ret0|ghost1|sess=newyork,daily,True,False,False,True,newyork,110,0.281818,0.00028,0.000291,1.177188,10002.8
289,bias=daily|trend1|pat0|ret0|ghost1|sess=overlap,daily,True,False,False,True,overlap,85,0.270588,0.00014,0.000348,1.112872,10001.4
290,bias=daily|trend1|pat0|ret0|ghost1|sess=all,daily,True,False,False,True,all,151,0.238411,-0.00012,0.00127,0.947177,9998.8
291,bias=daily|trend1|pat0|ret1|ghost0|sess=asia,daily,True,False,True,False,asia,0,0.0,0.0,0.0,0.0,10000.0
292,bias=daily|trend1|pat0|ret1|ghost0|sess=london,daily,True,False,True,False,london,0,0.0,0.0,0.0,0.0,10000.0
293,bias=daily|trend1|pat0|ret1|ghost0|sess=newyork,daily,True,False,True,False,newyork,0,0.0,0.0,0.0,0.0,10000.0
294,bias=daily|trend1|pat0|ret1|ghost0|sess=overlap,daily,True,False,True,False,overlap,0,0.0,0.0,0.0,0.0,10000.0
295,bias=daily|trend1|pat0|ret1|ghost0|sess=all,daily,True,False,True,False,all,0,0.0,0.0,0.0,0.0,10000.0
296,bias=daily|trend1|pat0|ret1|ghost1|sess=asia,daily,True,False,True,True,asia,0,0.0,0.0,0.0,0.0,10000.0
297,bias=daily|trend1|pat0|ret1|ghost1|sess=london,daily,True,False,True,True,london,0,0.0,0.0,0.0,0.0,10000.0
298,bias=daily|trend1|pat0|ret1|ghost1|sess=newyork,daily,True,False,True,True,newyork,0,0.0,0.0,0.0,0.0,10000.0
299,bias=daily|trend1|pat0|ret1|ghost1|sess=overlap,daily,True,False,True,True,overlap,0,0.0,0.0,0.0,0.0,10000.0
300,bias=daily|trend1|pat0|ret1|ghost1|sess=all,daily,True,False,True,True,all,0,0.0,0.0,0.0,0.0,10000.0
301,bias=daily|trend1|pat1|ret0|ghost0|sess=asia,daily,True,True,False,False,asia,71,0.253521,2e-05,0.000521,1.018824,10000.2
302,bias=daily|trend1|pat1|ret0|ghost0|sess=london,daily,True,True,False,False,london,71,0.225352,-0.000121,0.001054,0.888335,9998.79
303,bias=daily|trend1|pat1|ret0|ghost0|sess=newyork,daily,True,True,False,False,newyork,70,0.3,0.00024,0.000397,1.244871,10002.4
304,bias=daily|trend1|pat1|ret0|ghost0|sess=overlap,daily,True,True,False,False,overlap,31,0.225806,-6e-05,0.000359,0.874963,9999.4
305,bias=daily|trend1|pat1|ret0|ghost0|sess=all,daily,True,True,False,False,all,149,0.255034,6e-05,0.000471,1.026984,10000.6
306,bias=daily|trend1|pat1|ret0|ghost1|sess=asia,daily,True,True,False,True,asia,37,0.216216,-0.0001,0.000458,0.827535,9999.0
307,bias=daily|trend1|pat1|ret0|ghost1|sess=london,daily,True,True,False,True,london,38,0.289474,0.00012,0.000455,1.222175,10001.2
308,bias=daily|trend1|pat1|ret0|ghost1|sess=newyork,daily,True,True,False,True,newyork,32,0.15625,-0.00024,0.000269,0.555553,9997.6
309,bias=daily|trend1|pat1|ret0|ghost1|sess=overlap,daily,True,True,False,True,overlap,13,0.153846,-0.0001,0.000251,0.545445,9999.0
310,bias=daily|trend1|pat1|ret0|ghost1|sess=all,daily,True,True,False,True,all,77,0.337662,0.00054,0.000395,1.529359,10005.4
311,bias=daily|trend1|pat1|ret1|ghost0|sess=asia,daily,True,True,True,False,asia,0,0.0,0.0,0.0,0.0,10000.0
312,bias=daily|trend1|pat1|ret1|ghost0|sess=london,daily,True,True,True,False,london,0,0.0,0.0,0.0,0.0,10000.0
313,bias=daily|trend1|pat1|ret1|ghost0|sess=newyork,daily,True,True,True,False,newyork,0,0.0,0.0,0.0,0.0,10000.0
314,bias=daily|trend1|pat1|ret1|ghost0|sess=overlap,daily,True,True,True,False,overlap,0,0.0,0.0,0.0,0.0,10000.0
315,bias=daily|trend1|pat1|ret1|ghost0|sess=all,daily,True,True,True,False,all,0,0.0,0.0,0.0,0.0,10000.0
316,bias=daily|trend1|pat1|ret1|ghost1|sess=asia,daily,True,True,True,True,asia,0,0.0,0.0,0.0,0.0,10000.0
317,bias=daily|trend1|pat1|ret1|ghost1|sess=london,daily,True,True,True,True,london,0,0.0,0.0,0.0,0.0,10000.0
318,bias=daily|trend1|pat1|ret1|ghost1|sess=newyork,daily,True,True,True,True,newyork,0,0.0,0.0,0.0,0.0,10000.0
319,bias=daily|trend1|pat1|ret1|ghost1|sess=overlap,daily,True,True,True,True,overlap,0,0.0,0.0,0.0,0.0,10000.0
320,bias=daily|trend1|pat1|ret1|ghost1|sess=all,daily,True,True,True,True,all,0,0.0,0.0,0.0,0.0,10000.0
321,bias=4h|trend0|pat0|ret0|ghost0|sess=asia,4h,False,False,False,False,asia,389,0.249357,-0.000285,0.001386,0.950781,9997.15
322,bias=4h|trend0|pat0|ret0|ghost0|sess=london,4h,False,False,False,False,london,369,0.260163,3.8e-05,0.001012,1.00692,10000.38
323,bias=4h|trend0|pat0|ret0|ghost0|sess=newyork,4h,False,False,False,False,newyork,385,0.264935,0.000121,0.000871,1.021365,10001.21
324,bias=4h|trend0|pat0|ret0|ghost0|sess=overlap,4h,False,False,False,False,overlap,290,0.27931,0.000396,0.000923,1.094749,10003.96
325,bias=4h|trend0|pat0|ret0|ghost0|sess=all,4h,False,False,False,False,all,513,0.263158,0.00019,0.00127,1.025135,10001.9
326,bias=4h|trend0|pat0|ret0|ghost1|sess=asia,4h,False,False,False,True,asia,168,0.25,-5.6e-05,0.00057,0.977862,9999.44
327,bias=4h|trend0|pat0|ret0|ghost1|sess=london,4h,False,False,False,True,london,176,0.301136,0.00072,0.001439,1.292691,10007.2
328,bias=4h|trend0|pat0|ret0|ghost1|sess=newyork,4h,False,False,False,True,newyork,195,0.261538,0.00018,0.001957,1.062449,10001.8
329,bias=4h|trend0|pat0|ret0|ghost1|sess=overlap,4h,False,False,False,True,overlap,164,0.268293,0.00024,0.001642,1.099953,10002.4
330,bias=4h|trend0|pat0|ret0|ghost1|sess=all,4h,False,False,False,True,all,261,0.214559,-0.00074,0.001092,0.819463,9992.6
331,bias=4h|trend0|pat0|ret1|ghost0|sess=asia,4h,False,False,True,False,asia,0,0.0,0.0,0.0,0.0,10000.0
332,bias=4h|trend0|pat0|ret1|ghost0|sess=london,4h,False,False,True,False,london,0,0.0,0.0,0.0,0.0,10000.0
333,bias=4h|trend0|pat0|ret1|ghost0|sess=newyork,4h,False,False,True,False,newyork,0,0.0,0.0,0.0,0.0,10000.0
334,bias=4h|trend0|pat0|ret1|ghost0|sess=overlap,4h,False,False,True,False,overlap,0,0.0,0.0,0.0,0.0,10000.0
335,bias=4h|trend0|pat0|ret1|ghost0|sess=all,4h,False,False,True,False,all,0,0.0,0.0,0.0,0.0,10000.0
336,bias=4h|trend0|pat0|ret1|ghost1|sess=asia,4h,False,False,True,True,asia,0,0.0,0.0,0.0,0.0,10000.0
337,bias=4h|trend0|pat0|ret1|ghost1|sess=london,4h,False,False,True,True,london,0,0.0,0.0,0.0,0.0,10000.0
338,bias=4h|trend0|pat0|ret1|ghost1|sess=newyork,4h,False,False,True,True,newyork,0,0.0,0.0,0.0,0.0,10000.0
339,bias=4h|trend0|pat0|ret1|ghost1|sess=overlap,4h,False,False,True,True,overlap,0,0.0,0.0,0.0,0.0,10000.0
340,bias=4h|trend0|pat0|ret1|ghost1|sess=all,4h,False,False,True,True,all,0,0.0,0.0,0.0,0.0,10000.0
341,bias=4h|trend0|pat1|ret0|ghost0|sess=asia,4h,False,True,False,False,asia,170,0.211765,-0.000545,0.000803,0.795094,9994.55
342,bias=4h|trend0|pat1|ret0|ghost0|sess=london,4h,False,True,False,False,london,145,0.227586,-0.00024,0.00138,0.891707,9997.6
343,bias=4h|trend0|pat1|ret0|ghost0|sess=newyork,4h,False,True,False,False,newyork,165,0.333333,0.001,0.001034,1.458426,10010.0
344,bias=4h|trend0|pat1|ret0|ghost0|sess=overlap,4h,False,True,False,False,overlap,87,0.310345,0.0004,0.001148,1.338472,10004.0
345,bias=4h|trend0|pat1|ret0|ghost0|sess=all,4h,False,True,False,False,all,321,0.255452,-5.8e-05,0.002155,0.987868,9999.42
346,bias=4h|trend0|pat1|ret0|ghost1|sess=asia,4h,False,True,False,True,asia,82,0.280488,0.0002,0.000424,1.169425,10002.0
347,bias=4h|trend0|pat1|ret0|ghost1|sess=london,4h,False,True,False,True,london,70,0.328571,0.00044,0.000483,1.468009,10004.4
348,bias=4h|trend0|pat1|ret0|ghost1|sess=newyork,4h,False,True,False,True,newyork,66,0.227273,-0.00012,0.000397,0.882315,9998.8
349,bias=4h|trend0|pat1|ret0|ghost1|sess=overlap,4h,False,True,False,True,overlap,36,0.277778,8e-05,0.000354,1.153793,10000.8
350,bias=4h|trend0|pat1|ret0|ghost1|sess=all,4h,False,True,False,True,all,133,0.255639,6e-05,0.000518,1.030261,10000.6
351,bias=4h|trend0|pat1|ret1|ghost0|sess=asia,4h,False,True,True,False,asia,0,0.0,0.0,0.0,0.0,10000.0
352,bias=4h|trend0|pat1|ret1|ghost0|sess=london,4h,False,True,True,False,london,0,0.0,0.0,0.0,0.0,10000.0
353,bias=4h|trend0|pat1|ret1|ghost0|sess=newyork,4h,False,True,True,False,newyork,0,0.0,0.0,0.0,0.0,10000.0
354,bias=4h|trend0|pat1|ret1|ghost0|sess=overlap,4h,False,True,True,False,overlap,0,0.0,0.0,0.0,0.0,10000.0
355,bias=4h|trend0|pat1|ret1|ghost0|sess=all,4h,False,True,True,False,all,0,0.0,0.0,0.0,0.0,10000.0
356,bias=4h|trend0|pat1|ret1|ghost1|sess=asia,4h,False,True,True,True,asia,0,0.0,0.0,0.0,0.0,10000.0
357,bias=4h|trend0|pat1|ret1|ghost1|sess=london,4h,False,True,True,True,london,0,0.0,0.0,0.0,0.0,10000.0
358,bias=4h|trend0|pat1|ret1|ghost1|sess=newyork,4h,False,True,True,True,newyork,0,0.0,0.0,0.0,0.0,10000.0
359,bias=4h|trend0|pat1|ret1|ghost1|sess=overlap,4h,False,True,True,True,overlap,0,0.0,0.0,0.0,0.0,10000.0
360,bias=4h|trend0|pat1|ret1|ghost1|sess=all,4h,False,True,True,True,all,0,0.0,0.0,0.0,0.0,10000.0
361,bias=4h|trend1|pat0|ret0|ghost0|sess=asia,4h,True,False,False,False,asia,242,0.285124,0.000678,0.000805,1.197832,10006.78
362,bias=4h|trend1|pat0|ret0|ghost0|sess=london,4h,True,False,False,False,london,250,0.3,0.000741,0.000713,1.212964,10007.41
363,bias=4h|trend1|pat0|ret0|ghost0|sess=newyork,4h,True,False,False,False,newyork,248,0.310484,0.000842,0.001203,1.246174,10008.42
364,bias=4h|trend1|pat0|ret0|ghost0|sess=overlap,4h,True,False,False,False,overlap,200,0.295,0.000316,0.000479,1.112072,10003.16
365,bias=4h|trend1|pat0|ret0|ghost0|sess=all,4h,True,False,False,False,all,372,0.290323,0.000732,0.001988,1.139052,10007.32
366,bias=4h|trend1|pat0|ret0|ghost1|sess=asia,4h,True,False,False,True,asia,107,0.336449,0.00074,0.000318,1.521013,10007.4
367,bias=4h|trend1|pat0|ret0|ghost1|sess=london,4h,True,False,False,True,london,139,0.345324,0.00106,0.00028,1.582361,10010.6
368,bias=4h|trend1|pat0|ret0|ghost1|sess=newyork,4h,True,False,False,True,newyork,138,0.231884,-0.0002,0.002187,0.905639,9998.0
