rank_input,label,htf_bias,require_chart_trend,require_pattern,require_retest,session,trades,win_rate,return_pct,max_dd_pct,profit_factor,final_equity,rank_pf
113,bias=weekly|trend1|pat1|ret0|sess=newyork,weekly,True,True,False,newyork,48,0.375,0.00044,0.000358,1.733258,10004.4,1
173,bias=4h|trend0|pat1|ret0|sess=newyork,4h,False,True,False,newyork,165,0.333333,0.001,0.001034,1.458426,10010.0,2
174,bias=4h|trend0|pat1|ret0|sess=overlap,4h,False,True,False,overlap,87,0.310345,0.0004,0.001148,1.338472,10004.0,3
133,bias=daily|trend0|pat1|ret0|sess=newyork,daily,False,True,False,newyork,145,0.317241,0.000597,0.001229,1.307418,10005.97,4
65,bias=pair|trend1|pat0|ret0|sess=all,pair,True,False,False,all,218,0.321,0.001,0.0,1.294,0.0,5
63,bias=pair|trend1|pat0|ret0|sess=newyork,pair,True,False,False,newyork,162,0.315,0.001,0.0,1.292,0.0,6
193,bias=4h|trend1|pat1|ret0|sess=newyork,4h,True,True,False,newyork,91,0.307692,0.00034,0.000464,1.269832,10003.4,7
22,bias=off|trend1|pat0|ret0|sess=london,off,True,False,False,london,354,0.305,0.001,0.0,1.249,0.0,8
183,bias=4h|trend1|pat0|ret0|sess=newyork,4h,True,False,False,newyork,248,0.310484,0.000842,0.001203,1.246174,10008.42,9
153,bias=daily|trend1|pat1|ret0|sess=newyork,daily,True,True,False,newyork,70,0.3,0.00024,0.000397,1.244871,10002.4,10
53,bias=pair|trend0|pat1|ret0|sess=newyork,pair,False,True,False,newyork,110,0.3,0.0,0.0,1.237,0.0,11
182,bias=4h|trend1|pat0|ret0|sess=london,4h,True,False,False,london,250,0.3,0.000741,0.000713,1.212964,10007.41,12
13,bias=off|trend0|pat1|ret0|sess=newyork,off,False,True,False,newyork,253,0.296,0.001,0.0,1.209,0.0,13
181,bias=4h|trend1|pat0|ret0|sess=asia,4h,True,False,False,asia,242,0.285124,0.000678,0.000805,1.197832,10006.78,14
143,bias=daily|trend1|pat0|ret0|sess=newyork,daily,True,False,False,newyork,208,0.298077,0.000564,0.001161,1.194254,10005.64,15
3,bias=off|trend0|pat0|ret0|sess=newyork,off,False,False,False,newyork,550,0.296,0.001,0.0,1.194,0.0,16
93,bias=weekly|trend0|pat1|ret0|sess=newyork,weekly,False,True,False,newyork,109,0.294,0.0,0.0,1.181,0.0,17
35,bias=off|trend1|pat1|ret0|sess=all,off,True,True,False,all,276,0.293,0.001,0.0,1.174,0.0,18
104,bias=weekly|trend1|pat0|ret0|sess=overlap,weekly,True,False,False,overlap,129,0.286822,0.000314,0.001343,1.172476,10003.14,19
103,bias=weekly|trend1|pat0|ret0|sess=newyork,weekly,True,False,False,newyork,165,0.290909,0.000366,0.000467,1.156264,10003.66,20
191,bias=4h|trend1|pat1|ret0|sess=asia,4h,True,True,False,asia,94,0.276596,0.0002,0.000295,1.14701,10002.0,21
33,bias=off|trend1|pat1|ret0|sess=newyork,off,True,True,False,newyork,127,0.283,0.0,0.0,1.143,0.0,22
144,bias=daily|trend1|pat0|ret0|sess=overlap,daily,True,False,False,overlap,159,0.289308,0.000314,0.001361,1.140136,10003.14,23
185,bias=4h|trend1|pat0|ret0|sess=all,4h,True,False,False,all,372,0.290323,0.000732,0.001988,1.139052,10007.32,24
145,bias=daily|trend1|pat0|ret0|sess=all,daily,True,False,False,all,286,0.286713,0.00055,0.001988,1.134882,10005.5,25
61,bias=pair|trend1|pat0|ret0|sess=asia,pair,True,False,False,asia,147,0.272,0.0,0.0,1.132,0.0,26
21,bias=off|trend1|pat0|ret0|sess=asia,off,True,False,False,asia,355,0.279,0.001,0.0,1.129,0.0,27
64,bias=pair|trend1|pat0|ret0|sess=overlap,pair,True,False,False,overlap,122,0.287,0.0,0.0,1.124,0.0,28
141,bias=daily|trend1|pat0|ret0|sess=asia,daily,True,False,False,asia,190,0.273684,0.000339,0.000357,1.123804,10003.39,29
184,bias=4h|trend1|pat0|ret0|sess=overlap,4h,True,False,False,overlap,200,0.295,0.000316,0.000479,1.112072,10003.16,30
41,bias=pair|trend0|pat0|ret0|sess=asia,pair,False,False,False,asia,266,0.274,0.0,0.0,1.106,0.0,31
164,bias=4h|trend0|pat0|ret0|sess=overlap,4h,False,False,False,overlap,290,0.27931,0.000396,0.000923,1.094749,10003.96,32
4,bias=off|trend0|pat0|ret0|sess=overlap,off,False,False,False,overlap,392,0.27,0.0,0.0,1.087,0.0,33
123,bias=daily|trend0|pat0|ret0|sess=newyork,daily,False,False,False,newyork,369,0.276423,0.000445,0.001081,1.083573,10004.45,34
105,bias=weekly|trend1|pat0|ret0|sess=all,weekly,True,False,False,all,248,0.278226,0.000274,0.001988,1.076499,10002.74,35
121,bias=daily|trend0|pat0|ret0|sess=asia,daily,False,False,False,asia,369,0.268293,0.000407,0.001043,1.075994,10004.07,36
73,bias=pair|trend1|pat1|ret0|sess=newyork,pair,True,True,False,newyork,55,0.273,0.0,0.0,1.075,0.0,37
23,bias=off|trend1|pat0|ret0|sess=newyork,off,True,False,False,newyork,350,0.283,0.0,0.0,1.07,0.0,38
5,bias=off|trend0|pat0|ret0|sess=all,off,False,False,False,all,629,0.269,0.001,0.0,1.06,0.0,39
83,bias=weekly|trend0|pat0|ret0|sess=newyork,weekly,False,False,False,newyork,331,0.275,0.0,0.0,1.06,0.0,40
134,bias=daily|trend0|pat1|ret0|sess=overlap,daily,False,True,False,overlap,80,0.2625,6e-05,0.001203,1.05133,10000.6,41
31,bias=off|trend1|pat1|ret0|sess=asia,off,True,True,False,asia,159,0.264,0.0,0.0,1.051,0.0,42
195,bias=4h|trend1|pat1|ret0|sess=all,4h,True,True,False,all,188,0.260638,0.000139,0.000608,1.050451,10001.39,43
54,bias=pair|trend0|pat1|ret0|sess=overlap,pair,False,True,False,overlap,55,0.255,0.0,0.0,1.049,0.0,44
24,bias=off|trend1|pat0|ret0|sess=overlap,off,True,False,False,overlap,284,0.271,0.0,0.0,1.043,0.0,45
155,bias=daily|trend1|pat1|ret0|sess=all,daily,True,True,False,all,149,0.255034,6e-05,0.000471,1.026984,10000.6,46
165,bias=4h|trend0|pat0|ret0|sess=all,4h,False,False,False,all,513,0.263158,0.00019,0.00127,1.025135,10001.9,47
163,bias=4h|trend0|pat0|ret0|sess=newyork,4h,False,False,False,newyork,385,0.264935,0.000121,0.000871,1.021365,10001.21,48
84,bias=weekly|trend0|pat0|ret0|sess=overlap,weekly,False,False,False,overlap,239,0.255,0.0,0.0,1.021,0.0,49
151,bias=daily|trend1|pat1|ret0|sess=asia,daily,True,True,False,asia,71,0.253521,2e-05,0.000521,1.018824,10000.2,50
14,bias=off|trend0|pat1|ret0|sess=overlap,off,False,True,False,overlap,142,0.254,0.0,0.0,1.009,0.0,51
85,bias=weekly|trend0|pat0|ret0|sess=all,weekly,False,False,False,all,412,0.26,0.0,0.0,1.008,0.0,52
162,bias=4h|trend0|pat0|ret0|sess=london,4h,False,False,False,london,369,0.260163,3.8e-05,0.001012,1.00692,10000.38,53
25,bias=off|trend1|pat0|ret0|sess=all,off,True,False,False,all,506,0.259,0.0,0.0,1.003,0.0,54
124,bias=daily|trend0|pat0|ret0|sess=overlap,daily,False,False,False,overlap,281,0.256228,-6e-06,0.00184,0.998584,9999.94,55
175,bias=4h|trend0|pat1|ret0|sess=all,4h,False,True,False,all,321,0.255452,-5.8e-05,0.002155,0.987868,9999.42,56
52,bias=pair|trend0|pat1|ret0|sess=london,pair,False,True,False,london,108,0.25,-0.0,0.0,0.975,0.0,57
12,bias=off|trend0|pat1|ret0|sess=london,off,False,True,False,london,245,0.245,-0.0,0.0,0.967,0.0,58
161,bias=4h|trend0|pat0|ret0|sess=asia,4h,False,False,False,asia,389,0.249357,-0.000285,0.001386,0.950781,9997.15,59
44,bias=pair|trend0|pat0|ret0|sess=overlap,pair,False,False,False,overlap,200,0.245,-0.0,0.0,0.944,0.0,60
15,bias=off|trend0|pat1|ret0|sess=all,off,False,True,False,all,453,0.247,-0.0,0.0,0.932,0.0,61
95,bias=weekly|trend0|pat1|ret0|sess=all,weekly,False,True,False,all,241,0.245,-0.0,0.0,0.928,0.0,62
43,bias=pair|trend0|pat0|ret0|sess=newyork,pair,False,False,False,newyork,272,0.246,-0.0,0.0,0.924,0.0,63
125,bias=daily|trend0|pat0|ret0|sess=all,daily,False,False,False,all,488,0.237705,-0.000636,0.001137,0.914261,9993.64,64
81,bias=weekly|trend0|pat0|ret0|sess=asia,weekly,False,False,False,asia,302,0.245,-0.0,0.0,0.914,0.0,65
194,bias=4h|trend1|pat1|ret0|sess=overlap,4h,True,True,False,overlap,45,0.244444,-6e-05,0.000363,0.911728,9999.4,66
55,bias=pair|trend0|pat1|ret0|sess=all,pair,False,True,False,all,222,0.234,-0.0,0.0,0.911,0.0,67
34,bias=off|trend1|pat1|ret0|sess=overlap,off,True,True,False,overlap,71,0.239,-0.0,0.0,0.907,0.0,68
45,bias=pair|trend0|pat0|ret0|sess=all,pair,False,False,False,all,370,0.235,-0.001,0.0,0.905,0.0,69
114,bias=weekly|trend1|pat1|ret0|sess=overlap,weekly,True,True,False,overlap,26,0.230769,-4e-05,0.00037,0.899962,9999.6,70
172,bias=4h|trend0|pat1|ret0|sess=london,4h,False,True,False,london,145,0.227586,-0.00024,0.00138,0.891707,9997.6,71
115,bias=weekly|trend1|pat1|ret0|sess=all,weekly,True,True,False,all,118,0.237288,-0.0002,0.000638,0.888856,9998.0,72
135,bias=daily|trend0|pat1|ret0|sess=all,daily,False,True,False,all,284,0.232394,-0.000482,0.001663,0.888831,9995.18,73
152,bias=daily|trend1|pat1|ret0|sess=london,daily,True,True,False,london,71,0.225352,-0.000121,0.001054,0.888335,9998.79,74
101,bias=weekly|trend1|pat0|ret0|sess=asia,weekly,True,False,False,asia,164,0.22561,-0.000282,0.001019,0.8871,9997.18,75
142,bias=daily|trend1|pat0|ret0|sess=london,daily,True,False,False,london,199,0.231156,-0.00038,0.001098,0.875806,9996.2,76
154,bias=daily|trend1|pat1|ret0|sess=overlap,daily,True,True,False,overlap,31,0.225806,-6e-05,0.000359,0.874963,9999.4,77
92,bias=weekly|trend0|pat1|ret0|sess=london,weekly,False,True,False,london,107,0.234,-0.0,0.0,0.865,0.0,78
2,bias=off|trend0|pat0|ret0|sess=london,off,False,False,False,london,557,0.228,-0.001,0.0,0.863,0.0,79
132,bias=daily|trend0|pat1|ret0|sess=london,daily,False,True,False,london,148,0.22973,-0.000321,0.000634,0.8592,9996.79,80
1,bias=off|trend0|pat0|ret0|sess=asia,off,False,False,False,asia,545,0.231,-0.001,0.0,0.859,0.0,81
72,bias=pair|trend1|pat1|ret0|sess=london,pair,True,True,False,london,55,0.218,-0.0,0.0,0.856,0.0,82
94,bias=weekly|trend0|pat1|ret0|sess=overlap,weekly,False,True,False,overlap,62,0.226,-0.0,0.0,0.851,0.0,83
51,bias=pair|trend0|pat1|ret0|sess=asia,pair,False,True,False,asia,116,0.224,-0.0,0.0,0.842,0.0,84
75,bias=pair|trend1|pat1|ret0|sess=all,pair,True,True,False,all,121,0.223,-0.0,0.0,0.84,0.0,85
74,bias=pair|trend1|pat1|ret0|sess=overlap,pair,True,True,False,overlap,23,0.217,-0.0,0.0,0.833,0.0,86
102,bias=weekly|trend1|pat0|ret0|sess=london,weekly,True,False,False,london,163,0.233129,-0.00042,0.000918,0.831991,9995.8,87
11,bias=off|trend0|pat1|ret0|sess=asia,off,False,True,False,asia,276,0.221,-0.001,0.0,0.827,0.0,88
192,bias=4h|trend1|pat1|ret0|sess=london,4h,True,True,False,london,89,0.213483,-0.000241,0.001216,0.82567,9997.59,89
62,bias=pair|trend1|pat0|ret0|sess=london,pair,True,False,False,london,152,0.217,-0.0,0.0,0.815,0.0,90
82,bias=weekly|trend0|pat0|ret0|sess=london,weekly,False,False,False,london,319,0.219,-0.001,0.0,0.814,0.0,91
42,bias=pair|trend0|pat0|ret0|sess=london,pair,False,False,False,london,296,0.216,-0.001,0.0,0.813,0.0,92
122,bias=daily|trend0|pat0|ret0|sess=london,daily,False,False,False,london,396,0.214646,-0.001162,0.001648,0.811885,9988.38,93
32,bias=off|trend1|pat1|ret0|sess=london,off,True,True,False,london,133,0.211,-0.0,0.0,0.8,0.0,94
71,bias=pair|trend1|pat1|ret0|sess=asia,pair,True,True,False,asia,57,0.211,-0.0,0.0,0.8,0.0,95
171,bias=4h|trend0|pat1|ret0|sess=asia,4h,False,True,False,asia,170,0.211765,-0.000545,0.000803,0.795094,9994.55,96
131,bias=daily|trend0|pat1|ret0|sess=asia,daily,False,True,False,asia,156,0.211538,-0.000524,0.00079,0.786872,9994.76,97
111,bias=weekly|trend1|pat1|ret0|sess=asia,weekly,True,True,False,asia,68,0.205882,-0.00024,0.000569,0.777772,9997.6,98
112,bias=weekly|trend1|pat1|ret0|sess=london,weekly,True,True,False,london,55,0.2,-0.00022,0.001054,0.750195,9997.8,99
91,bias=weekly|trend0|pat1|ret0|sess=asia,weekly,False,True,False,asia,139,0.194,-0.001,0.0,0.729,0.0,100
6,bias=off|trend0|pat0|ret1|sess=asia,off,False,False,True,asia,0,0.0,0.0,0.0,0.0,0.0,101
7,bias=off|trend0|pat0|ret1|sess=london,off,False,False,True,london,0,0.0,0.0,0.0,0.0,0.0,102
8,bias=off|trend0|pat0|ret1|sess=newyork,off,False,False,True,newyork,0,0.0,0.0,0.0,0.0,0.0,103
9,bias=off|trend0|pat0|ret1|sess=overlap,off,False,False,True,overlap,0,0.0,0.0,0.0,0.0,0.0,104
10,bias=off|trend0|pat0|ret1|sess=all,off,False,False,True,all,0,0.0,0.0,0.0,0.0,0.0,105
16,bias=off|trend0|pat1|ret1|sess=asia,off,False,True,True,asia,0,0.0,0.0,0.0,0.0,0.0,106
17,bias=off|trend0|pat1|ret1|sess=london,off,False,True,True,london,0,0.0,0.0,0.0,0.0,0.0,107
18,bias=off|trend0|pat1|ret1|sess=newyork,off,False,True,True,newyork,0,0.0,0.0,0.0,0.0,0.0,108
19,bias=off|trend0|pat1|ret1|sess=overlap,off,False,True,True,overlap,0,0.0,0.0,0.0,0.0,0.0,109
20,bias=off|trend0|pat1|ret1|sess=all,off,False,True,True,all,0,0.0,0.0,0.0,0.0,0.0,110
26,bias=off|trend1|pat0|ret1|sess=asia,off,True,False,True,asia,0,0.0,0.0,0.0,0.0,0.0,111
27,bias=off|trend1|pat0|ret1|sess=london,off,True,False,True,london,0,0.0,0.0,0.0,0.0,0.0,112
28,bias=off|trend1|pat0|ret1|sess=newyork,off,True,False,True,newyork,0,0.0,0.0,0.0,0.0,0.0,113
29,bias=off|trend1|pat0|ret1|sess=overlap,off,True,False,True,overlap,0,0.0,0.0,0.0,0.0,0.0,114
30,bias=off|trend1|pat0|ret1|sess=all,off,True,False,True,all,0,0.0,0.0,0.0,0.0,0.0,115
36,bias=off|trend1|pat1|ret1|sess=asia,off,True,True,True,asia,0,0.0,0.0,0.0,0.0,0.0,116
37,bias=off|trend1|pat1|ret1|sess=london,off,True,True,True,london,0,0.0,0.0,0.0,0.0,0.0,117
38,bias=off|trend1|pat1|ret1|sess=newyork,off,True,True,True,newyork,0,0.0,0.0,0.0,0.0,0.0,118
39,bias=off|trend1|pat1|ret1|sess=overlap,off,True,True,True,overlap,0,0.0,0.0,0.0,0.0,0.0,119
40,bias=off|trend1|pat1|ret1|sess=all,off,True,True,True,all,0,0.0,0.0,0.0,0.0,0.0,120
46,bias=pair|trend0|pat0|ret1|sess=asia,pair,False,False,True,asia,0,0.0,0.0,0.0,0.0,0.0,121
47,bias=pair|trend0|pat0|ret1|sess=london,pair,False,False,True,london,0,0.0,0.0,0.0,0.0,0.0,122
48,bias=pair|trend0|pat0|ret1|sess=newyork,pair,False,False,True,newyork,0,0.0,0.0,0.0,0.0,0.0,123
49,bias=pair|trend0|pat0|ret1|sess=overlap,pair,False,False,True,overlap,0,0.0,0.0,0.0,0.0,0.0,124
50,bias=pair|trend0|pat0|ret1|sess=all,pair,False,False,True,all,0,0.0,0.0,0.0,0.0,0.0,125
56,bias=pair|trend0|pat1|ret1|sess=asia,pair,False,True,True,asia,0,0.0,0.0,0.0,0.0,0.0,126
57,bias=pair|trend0|pat1|ret1|sess=london,pair,False,True,True,london,0,0.0,0.0,0.0,0.0,0.0,127
58,bias=pair|trend0|pat1|ret1|sess=newyork,pair,False,True,True,newyork,0,0.0,0.0,0.0,0.0,0.0,128
59,bias=pair|trend0|pat1|ret1|sess=overlap,pair,False,True,True,overlap,0,0.0,0.0,0.0,0.0,0.0,129
60,bias=pair|trend0|pat1|ret1|sess=all,pair,False,True,True,all,0,0.0,0.0,0.0,0.0,0.0,130
66,bias=pair|trend1|pat0|ret1|sess=asia,pair,True,False,True,asia,0,0.0,0.0,0.0,0.0,0.0,131
67,bias=pair|trend1|pat0|ret1|sess=london,pair,True,False,True,london,0,0.0,0.0,0.0,0.0,0.0,132
68,bias=pair|trend1|pat0|ret1|sess=newyork,pair,True,False,True,newyork,0,0.0,0.0,0.0,0.0,0.0,133
69,bias=pair|trend1|pat0|ret1|sess=overlap,pair,True,False,True,overlap,0,0.0,0.0,0.0,0.0,0.0,134
70,bias=pair|trend1|pat0|ret1|sess=all,pair,True,False,True,all,0,0.0,0.0,0.0,0.0,0.0,135
76,bias=pair|trend1|pat1|ret1|sess=asia,pair,True,True,True,asia,0,0.0,0.0,0.0,0.0,0.0,136
77,bias=pair|trend1|pat1|ret1|sess=london,pair,True,True,True,london,0,0.0,0.0,0.0,0.0,0.0,137
78,bias=pair|trend1|pat1|ret1|sess=newyork,pair,True,True,True,newyork,0,0.0,0.0,0.0,0.0,0.0,138
79,bias=pair|trend1|pat1|ret1|sess=overlap,pair,True,True,True,overlap,0,0.0,0.0,0.0,0.0,0.0,139
80,bias=pair|trend1|pat1|ret1|sess=all,pair,True,True,True,all,0,0.0,0.0,0.0,0.0,0.0,140
86,bias=weekly|trend0|pat0|ret1|sess=asia,weekly,False,False,True,asia,0,0.0,0.0,0.0,0.0,0.0,141
87,bias=weekly|trend0|pat0|ret1|sess=london,weekly,False,False,True,london,0,0.0,0.0,0.0,0.0,0.0,142
88,bias=weekly|trend0|pat0|ret1|sess=newyork,weekly,False,False,True,newyork,0,0.0,0.0,0.0,0.0,0.0,143
89,bias=weekly|trend0|pat0|ret1|sess=overlap,weekly,False,False,True,overlap,0,0.0,0.0,0.0,0.0,0.0,144
90,bias=weekly|trend0|pat0|ret1|sess=all,weekly,False,False,True,all,0,0.0,0.0,0.0,0.0,0.0,145
96,bias=weekly|trend0|pat1|ret1|sess=asia,weekly,False,True,True,asia,0,0.0,0.0,0.0,0.0,0.0,146
97,bias=weekly|trend0|pat1|ret1|sess=london,weekly,False,True,True,london,0,0.0,0.0,0.0,0.0,0.0,147
98,bias=weekly|trend0|pat1|ret1|sess=newyork,weekly,False,True,True,newyork,0,0.0,0.0,0.0,0.0,0.0,148
99,bias=weekly|trend0|pat1|ret1|sess=overlap,weekly,False,True,True,overlap,0,0.0,0.0,0.0,0.0,0.0,149
100,bias=weekly|trend0|pat1|ret1|sess=all,weekly,False,True,True,all,0,0.0,0.0,0.0,0.0,10000.0,150
106,bias=weekly|trend1|pat0|ret1|sess=asia,weekly,True,False,True,asia,0,0.0,0.0,0.0,0.0,10000.0,151
107,bias=weekly|trend1|pat0|ret1|sess=london,weekly,True,False,True,london,0,0.0,0.0,0.0,0.0,10000.0,152
108,bias=weekly|trend1|pat0|ret1|sess=newyork,weekly,True,False,True,newyork,0,0.0,0.0,0.0,0.0,10000.0,153
109,bias=weekly|trend1|pat0|ret1|sess=overlap,weekly,True,False,True,overlap,0,0.0,0.0,0.0,0.0,10000.0,154
110,bias=weekly|trend1|pat0|ret1|sess=all,weekly,True,False,True,all,0,0.0,0.0,0.0,0.0,10000.0,155
116,bias=weekly|trend1|pat1|ret1|sess=asia,weekly,True,True,True,asia,0,0.0,0.0,0.0,0.0,10000.0,156
117,bias=weekly|trend1|pat1|ret1|sess=london,weekly,True,True,True,london,0,0.0,0.0,0.0,0.0,10000.0,157
118,bias=weekly|trend1|pat1|ret1|sess=newyork,weekly,True,True,True,newyork,0,0.0,0.0,0.0,0.0,10000.0,158
119,bias=weekly|trend1|pat1|ret1|sess=overlap,weekly,True,True,True,overlap,0,0.0,0.0,0.0,0.0,10000.0,159
120,bias=weekly|trend1|pat1|ret1|sess=all,weekly,True,True,True,all,0,0.0,0.0,0.0,0.0,10000.0,160
126,bias=daily|trend0|pat0|ret1|sess=asia,daily,False,False,True,asia,0,0.0,0.0,0.0,0.0,10000.0,161
127,bias=daily|trend0|pat0|ret1|sess=london,daily,False,False,True,london,0,0.0,0.0,0.0,0.0,10000.0,162
128,bias=daily|trend0|pat0|ret1|sess=newyork,daily,False,False,True,newyork,0,0.0,0.0,0.0,0.0,10000.0,163
129,bias=daily|trend0|pat0|ret1|sess=overlap,daily,False,False,True,overlap,0,0.0,0.0,0.0,0.0,10000.0,164
130,bias=daily|trend0|pat0|ret1|sess=all,daily,False,False,True,all,0,0.0,0.0,0.0,0.0,10000.0,165
136,bias=daily|trend0|pat1|ret1|sess=asia,daily,False,True,True,asia,0,0.0,0.0,0.0,0.0,10000.0,166
137,bias=daily|trend0|pat1|ret1|sess=london,daily,False,True,True,london,0,0.0,0.0,0.0,0.0,10000.0,167
138,bias=daily|trend0|pat1|ret1|sess=newyork,daily,False,True,True,newyork,0,0.0,0.0,0.0,0.0,10000.0,168
139,bias=daily|trend0|pat1|ret1|sess=overlap,daily,False,True,True,overlap,0,0.0,0.0,0.0,0.0,10000.0,169
140,bias=daily|trend0|pat1|ret1|sess=all,daily,False,True,True,all,0,0.0,0.0,0.0,0.0,10000.0,170
146,bias=daily|trend1|pat0|ret1|sess=asia,daily,True,False,True,asia,0,0.0,0.0,0.0,0.0,10000.0,171
147,bias=daily|trend1|pat0|ret1|sess=london,daily,True,False,True,london,0,0.0,0.0,0.0,0.0,10000.0,172
148,bias=daily|trend1|pat0|ret1|sess=newyork,daily,True,False,True,newyork,0,0.0,0.0,0.0,0.0,10000.0,173
149,bias=daily|trend1|pat0|ret1|sess=overlap,daily,True,False,True,overlap,0,0.0,0.0,0.0,0.0,10000.0,174
150,bias=daily|trend1|pat0|ret1|sess=all,daily,True,False,True,all,0,0.0,0.0,0.0,0.0,10000.0,175
156,bias=daily|trend1|pat1|ret1|sess=asia,daily,True,True,True,asia,0,0.0,0.0,0.0,0.0,10000.0,176
157,bias=daily|trend1|pat1|ret1|sess=london,daily,True,True,True,london,0,0.0,0.0,0.0,0.0,10000.0,177
158,bias=daily|trend1|pat1|ret1|sess=newyork,daily,True,True,True,newyork,0,0.0,0.0,0.0,0.0,10000.0,178
159,bias=daily|trend1|pat1|ret1|sess=overlap,daily,True,True,True,overlap,0,0.0,0.0,0.0,0.0,10000.0,179
160,bias=daily|trend1|pat1|ret1|sess=all,daily,True,True,True,all,0,0.0,0.0,0.0,0.0,10000.0,180
166,bias=4h|trend0|pat0|ret1|sess=asia,4h,False,False,True,asia,0,0.0,0.0,0.0,0.0,10000.0,181
167,bias=4h|trend0|pat0|ret1|sess=london,4h,False,False,True,london,0,0.0,0.0,0.0,0.0,10000.0,182
168,bias=4h|trend0|pat0|ret1|sess=newyork,4h,False,False,True,newyork,0,0.0,0.0,0.0,0.0,10000.0,183
169,bias=4h|trend0|pat0|ret1|sess=overlap,4h,False,False,True,overlap,0,0.0,0.0,0.0,0.0,10000.0,184
170,bias=4h|trend0|pat0|ret1|sess=all,4h,False,False,True,all,0,0.0,0.0,0.0,0.0,10000.0,185
176,bias=4h|trend0|pat1|ret1|sess=asia,4h,False,True,True,asia,0,0.0,0.0,0.0,0.0,10000.0,186
177,bias=4h|trend0|pat1|ret1|sess=london,4h,False,True,True,london,0,0.0,0.0,0.0,0.0,10000.0,187
178,bias=4h|trend0|pat1|ret1|sess=newyork,4h,False,True,True,newyork,0,0.0,0.0,0.0,0.0,10000.0,188
179,bias=4h|trend0|pat1|ret1|sess=overlap,4h,False,True,True,overlap,0,0.0,0.0,0.0,0.0,10000.0,189
180,bias=4h|trend0|pat1|ret1|sess=all,4h,False,True,True,all,0,0.0,0.0,0.0,0.0,10000.0,190
186,bias=4h|trend1|pat0|ret1|sess=asia,4h,True,False,True,asia,0,0.0,0.0,0.0,0.0,10000.0,191
187,bias=4h|trend1|pat0|ret1|sess=london,4h,True,False,True,london,0,0.0,0.0,0.0,0.0,10000.0,192
188,bias=4h|trend1|pat0|ret1|sess=newyork,4h,True,False,True,newyork,0,0.0,0.0,0.0,0.0,10000.0,193
189,bias=4h|trend1|pat0|ret1|sess=overlap,4h,True,False,True,overlap,0,0.0,0.0,0.0,0.0,10000.0,194
190,bias=4h|trend1|pat0|ret1|sess=all,4h,True,False,True,all,0,0.0,0.0,0.0,0.0,10000.0,195
196,bias=4h|trend1|pat1|ret1|sess=asia,4h,True,True,True,asia,0,0.0,0.0,0.0,0.0,10000.0,196
197,bias=4h|trend1|pat1|ret1|sess=london,4h,True,True,True,london,0,0.0,0.0,0.0,0.0,10000.0,197
198,bias=4h|trend1|pat1|ret1|sess=newyork,4h,True,True,True,newyork,0,0.0,0.0,0.0,0.0,10000.0,198
199,bias=4h|trend1|pat1|ret1|sess=overlap,4h,True,True,True,overlap,0,0.0,0.0,0.0,0.0,10000.0,199
200,bias=4h|trend1|pat1|ret1|sess=all,4h,True,True,True,all,0,0.0,0.0,0.0,0.0,10000.0,200
